idx,t_s,speed,throttle,brake,sector,word_hex
0,0.0,180,240,5,1,0105F0B4
1,0.1,180,240,5,1,0105F0B4
2,0.2,181,240,5,1,0105F0B5
3,0.3,181,240,5,1,0105F0B5
4,0.4,182,240,5,1,0105F0B6
5,0.5,182,240,5,1,0105F0B6
6,0.6,183,240,5,1,0105F0B7
7,0.7,183,240,5,1,0105F0B7
8,0.8,184,240,5,1,0105F0B8
9,0.9,184,240,5,1,0105F0B8
10,1.0,185,240,5,1,0105F0B9
11,1.1,185,240,5,1,0105F0B9
12,1.2,186,240,5,1,0105F0BA
13,1.3,186,240,5,1,0105F0BA
14,1.4,187,240,5,1,0105F0BB
15,1.5,187,240,5,1,0105F0BB
16,1.6,188,240,5,1,0105F0BC
17,1.7,188,240,5,1,0105F0BC
18,1.8,188,240,5,1,0105F0BC
19,1.9,189,240,5,1,0105F0BD
20,2.0,189,240,5,1,0105F0BD
21,2.1,190,240,5,1,0105F0BE
22,2.2,190,240,5,1,0105F0BE
23,2.3,191,240,5,1,0105F0BF
24,2.4,191,240,5,1,0105F0BF
25,2.5,192,240,5,1,0105F0C0
26,2.6,192,240,5,1,0105F0C0
27,2.7,193,240,5,1,0105F0C1
28,2.8,193,240,5,1,0105F0C1
29,2.9,194,240,5,1,0105F0C2
30,3.0,194,240,5,1,0105F0C2
31,3.1,195,240,5,1,0105F0C3
32,3.2,195,240,5,1,0105F0C3
33,3.3,196,240,5,1,0105F0C4
34,3.4,196,240,5,1,0105F0C4
35,3.5,196,240,5,1,0105F0C4
36,3.6,197,240,5,1,0105F0C5
37,3.7,197,240,5,1,0105F0C5
38,3.8,198,240,5,1,0105F0C6
39,3.9,198,240,5,1,0105F0C6
40,4.0,199,240,5,1,0105F0C7
41,4.1,199,240,5,1,0105F0C7
42,4.2,200,240,5,1,0105F0C8
43,4.3,200,240,5,1,0105F0C8
44,4.4,201,240,5,1,0105F0C9
45,4.5,201,240,5,1,0105F0C9
46,4.6,202,240,5,1,0105F0CA
47,4.7,202,240,5,1,0105F0CA
48,4.8,203,240,5,1,0105F0CB
49,4.9,203,240,5,1,0105F0CB
50,5.0,203,240,5,1,0105F0CB
51,5.1,204,240,5,1,0105F0CC
52,5.2,204,240,5,1,0105F0CC
53,5.3,205,240,5,1,0105F0CD
54,5.4,205,240,5,1,0105F0CD
55,5.5,206,240,5,1,0105F0CE
56,5.6,206,240,5,1,0105F0CE
57,5.7,207,240,5,1,0105F0CF
58,5.8,207,240,5,1,0105F0CF
59,5.9,208,240,5,1,0105F0D0
60,6.0,208,240,5,1,0105F0D0
61,6.1,209,240,5,1,0105F0D1
62,6.2,209,240,5,1,0105F0D1
63,6.3,210,240,5,1,0105F0D2
64,6.4,210,240,5,1,0105F0D2
65,6.5,211,240,5,1,0105F0D3
66,6.6,211,240,5,1,0105F0D3
67,6.7,211,240,5,1,0105F0D3
68,6.8,212,240,5,1,0105F0D4
69,6.9,212,240,5,1,0105F0D4
70,7.0,213,240,5,1,0105F0D5
71,7.1,213,240,5,1,0105F0D5
72,7.2,214,240,5,1,0105F0D6
73,7.3,214,240,5,1,0105F0D6
74,7.4,215,240,5,1,0105F0D7
75,7.5,215,240,5,1,0105F0D7
76,7.6,216,240,5,1,0105F0D8
77,7.7,216,240,5,1,0105F0D8
78,7.8,217,240,5,1,0105F0D9
79,7.9,217,240,5,1,0105F0D9
80,8.0,218,240,5,1,0105F0DA
81,8.1,218,240,5,1,0105F0DA
82,8.2,219,240,5,1,0105F0DB
83,8.3,219,240,5,1,0105F0DB
84,8.4,219,240,5,1,0105F0DB
85,8.5,220,240,5,1,0105F0DC
86,8.6,220,240,5,1,0105F0DC
87,8.7,221,240,5,1,0105F0DD
88,8.8,221,240,5,1,0105F0DD
89,8.9,222,240,5,1,0105F0DE
90,9.0,222,240,5,1,0105F0DE
91,9.1,223,240,5,1,0105F0DF
92,9.2,223,240,5,1,0105F0DF
93,9.3,224,240,5,1,0105F0E0
94,9.4,224,240,5,1,0105F0E0
95,9.5,225,240,5,1,0105F0E1
96,9.6,225,240,5,1,0105F0E1
97,9.7,226,240,5,1,0105F0E2
98,9.8,226,240,5,1,0105F0E2
99,9.9,227,240,5,1,0105F0E3
100,10.0,227,240,5,1,0105F0E3
101,10.1,227,240,5,1,0105F0E3
102,10.2,228,240,5,1,0105F0E4
103,10.3,228,240,5,1,0105F0E4
104,10.4,229,240,5,1,0105F0E5
105,10.5,229,240,5,1,0105F0E5
106,10.6,230,240,5,1,0105F0E6
107,10.7,230,240,5,1,0105F0E6
108,10.8,231,240,5,1,0105F0E7
109,10.9,231,240,5,1,0105F0E7
110,11.0,232,240,5,1,0105F0E8
111,11.1,232,240,5,1,0105F0E8
112,11.2,233,240,5,1,0105F0E9
113,11.3,233,240,5,1,0105F0E9
114,11.4,234,240,5,1,0105F0EA
115,11.5,234,240,5,1,0105F0EA
116,11.6,234,240,5,1,0105F0EA
117,11.7,235,240,5,1,0105F0EB
118,11.8,235,240,5,1,0105F0EB
119,11.9,236,240,5,1,0105F0EC
120,12.0,236,240,5,1,0105F0EC
121,12.1,237,240,5,1,0105F0ED
122,12.2,237,240,5,1,0105F0ED
123,12.3,238,240,5,1,0105F0EE
124,12.4,238,240,5,1,0105F0EE
125,12.5,239,240,5,1,0105F0EF
126,12.6,239,240,5,1,0105F0EF
127,12.7,240,240,5,1,0105F0F0
128,12.8,240,240,5,1,0105F0F0
129,12.9,241,240,5,1,0105F0F1
130,13.0,241,240,5,1,0105F0F1
131,13.1,242,240,5,1,0105F0F2
132,13.2,242,240,5,1,0105F0F2
133,13.3,242,240,5,1,0105F0F2
134,13.4,243,240,5,1,0105F0F3
135,13.5,243,240,5,1,0105F0F3
136,13.6,244,240,5,1,0105F0F4
137,13.7,244,240,5,1,0105F0F4
138,13.8,245,240,5,1,0105F0F5
139,13.9,245,240,5,1,0105F0F5
140,14.0,246,240,5,1,0105F0F6
141,14.1,246,240,5,1,0105F0F6
142,14.2,247,240,5,1,0105F0F7
143,14.3,247,240,5,1,0105F0F7
144,14.4,248,240,5,1,0105F0F8
145,14.5,248,240,5,1,0105F0F8
146,14.6,249,240,5,1,0105F0F9
147,14.7,249,240,5,1,0105F0F9
148,14.8,250,240,5,1,0105F0FA
149,14.9,250,240,5,1,0105F0FA
150,15.0,250,20,220,1,01DC14FA
151,15.1,247,20,220,1,01DC14F7
152,15.2,245,20,220,1,01DC14F5
153,15.3,242,20,220,1,01DC14F2
154,15.4,239,20,220,1,01DC14EF
155,15.5,237,20,220,1,01DC14ED
156,15.6,234,20,220,1,01DC14EA
157,15.7,231,20,220,1,01DC14E7
158,15.8,229,20,220,1,01DC14E5
159,15.9,226,20,220,1,01DC14E2
160,16.0,223,20,220,1,01DC14DF
161,16.1,221,20,220,1,01DC14DD
162,16.2,218,20,220,1,01DC14DA
163,16.3,216,20,220,1,01DC14D8
164,16.4,213,20,220,1,01DC14D5
165,16.5,210,20,220,1,01DC14D2
166,16.6,208,20,220,1,01DC14D0
167,16.7,205,20,220,1,01DC14CD
168,16.8,202,20,220,1,01DC14CA
169,16.9,200,20,220,1,01DC14C8
170,17.0,197,20,220,1,01DC14C5
171,17.1,194,20,220,1,01DC14C2
172,17.2,192,20,220,1,01DC14C0
173,17.3,189,20,220,1,01DC14BD
174,17.4,186,20,220,1,01DC14BA
175,17.5,184,20,220,1,01DC14B8
176,17.6,181,20,220,1,01DC14B5
177,17.7,178,20,220,1,01DC14B2
178,17.8,176,20,220,1,01DC14B0
179,17.9,173,20,220,1,01DC14AD
180,18.0,170,20,220,1,01DC14AA
181,18.1,168,20,220,1,01DC14A8
182,18.2,165,20,220,1,01DC14A5
183,18.3,162,20,220,1,01DC14A2
184,18.4,160,20,220,1,01DC14A0
185,18.5,157,20,220,1,01DC149D
186,18.6,154,20,220,1,01DC149A
187,18.7,152,20,220,1,01DC1498
188,18.8,149,20,220,1,01DC1495
189,18.9,147,20,220,1,01DC1493
190,19.0,144,20,220,1,01DC1490
191,19.1,141,20,220,1,01DC148D
192,19.2,139,20,220,1,01DC148B
193,19.3,136,20,220,1,01DC1488
194,19.4,133,20,220,1,01DC1485
195,19.5,131,20,220,1,01DC1483
196,19.6,128,20,220,1,01DC1480
197,19.7,125,20,220,1,01DC147D
198,19.8,123,20,220,1,01DC147B
199,19.9,120,20,220,1,01DC1478
200,20.0,120,90,40,1,01285A78
201,20.1,120,90,40,1,01285A78
202,20.2,119,90,40,1,01285A77
203,20.3,119,90,40,1,01285A77
204,20.4,119,90,40,1,01285A77
205,20.5,119,90,40,1,01285A77
206,20.6,118,90,40,1,01285A76
207,20.7,118,90,40,1,01285A76
208,20.8,118,90,40,1,01285A76
209,20.9,118,90,40,1,01285A76
210,21.0,117,90,40,1,01285A75
211,21.1,117,90,40,1,01285A75
212,21.2,117,90,40,1,01285A75
213,21.3,117,90,40,1,01285A75
214,21.4,116,90,40,1,01285A74
215,21.5,116,90,40,1,01285A74
216,21.6,116,90,40,1,01285A74
217,21.7,116,90,40,1,01285A74
218,21.8,115,90,40,1,01285A73
219,21.9,115,90,40,1,01285A73
220,22.0,115,90,40,1,01285A73
221,22.1,115,90,40,1,01285A73
222,22.2,114,90,40,1,01285A72
223,22.3,114,90,40,1,01285A72
224,22.4,114,90,40,1,01285A72
225,22.5,114,90,40,1,01285A72
226,22.6,113,90,40,1,01285A71
227,22.7,113,90,40,1,01285A71
228,22.8,113,90,40,1,01285A71
229,22.9,113,90,40,1,01285A71
230,23.0,112,90,40,1,01285A70
231,23.1,112,90,40,1,01285A70
232,23.2,112,90,40,1,01285A70
233,23.3,112,90,40,1,01285A70
234,23.4,111,90,40,1,01285A6F
235,23.5,111,90,40,1,01285A6F
236,23.6,111,90,40,1,01285A6F
237,23.7,111,90,40,1,01285A6F
238,23.8,110,90,40,1,01285A6E
239,23.9,110,90,40,1,01285A6E
240,24.0,110,90,40,1,01285A6E
241,24.1,110,90,40,1,01285A6E
242,24.2,109,90,40,1,01285A6D
243,24.3,109,90,40,1,01285A6D
244,24.4,109,90,40,1,01285A6D
245,24.5,109,90,40,1,01285A6D
246,24.6,108,90,40,1,01285A6C
247,24.7,108,90,40,1,01285A6C
248,24.8,108,90,40,1,01285A6C
249,24.9,108,90,40,1,01285A6C
250,25.0,107,90,40,1,01285A6B
251,25.1,107,90,40,1,01285A6B
252,25.2,107,90,40,1,01285A6B
253,25.3,107,90,40,1,01285A6B
254,25.4,106,90,40,1,01285A6A
255,25.5,106,90,40,1,01285A6A
256,25.6,106,90,40,1,01285A6A
257,25.7,106,90,40,1,01285A6A
258,25.8,105,90,40,1,01285A69
259,25.9,105,90,40,1,01285A69
260,26.0,105,90,40,1,01285A69
261,26.1,105,90,40,1,01285A69
262,26.2,104,90,40,1,01285A68
263,26.3,104,90,40,1,01285A68
264,26.4,104,90,40,1,01285A68
265,26.5,104,90,40,1,01285A68
266,26.6,103,90,40,1,01285A67
267,26.7,103,90,40,1,01285A67
268,26.8,103,90,40,1,01285A67
269,26.9,103,90,40,1,01285A67
270,27.0,102,90,40,1,01285A66
271,27.1,102,90,40,1,01285A66
272,27.2,102,90,40,1,01285A66
273,27.3,102,90,40,1,01285A66
274,27.4,101,90,40,1,01285A65
275,27.5,101,90,40,1,01285A65
276,27.6,101,90,40,1,01285A65
277,27.7,101,90,40,1,01285A65
278,27.8,100,90,40,1,01285A64
279,27.9,100,90,40,1,01285A64
280,28.0,100,235,8,2,0208EB64
281,28.1,101,235,8,2,0208EB65
282,28.2,102,235,8,2,0208EB66
283,28.3,103,235,8,2,0208EB67
284,28.4,104,235,8,2,0208EB68
285,28.5,105,235,8,2,0208EB69
286,28.6,106,235,8,2,0208EB6A
287,28.7,107,235,8,2,0208EB6B
288,28.8,108,235,8,2,0208EB6C
289,28.9,109,235,8,2,0208EB6D
290,29.0,110,235,8,2,0208EB6E
291,29.1,111,235,8,2,0208EB6F
292,29.2,112,235,8,2,0208EB70
293,29.3,113,235,8,2,0208EB71
294,29.4,114,235,8,2,0208EB72
295,29.5,115,235,8,2,0208EB73
296,29.6,116,235,8,2,0208EB74
297,29.7,117,235,8,2,0208EB75
298,29.8,118,235,8,2,0208EB76
299,29.9,119,235,8,2,0208EB77
300,30.0,120,235,8,2,0208EB78
301,30.1,121,235,8,2,0208EB79
302,30.2,122,235,8,2,0208EB7A
303,30.3,123,235,8,2,0208EB7B
304,30.4,124,235,8,2,0208EB7C
305,30.5,125,235,8,2,0208EB7D
306,30.6,126,235,8,2,0208EB7E
307,30.7,127,235,8,2,0208EB7F
308,30.8,128,235,8,2,0208EB80
309,30.9,129,235,8,2,0208EB81
310,31.0,130,235,8,2,0208EB82
311,31.1,131,235,8,2,0208EB83
312,31.2,132,235,8,2,0208EB84
313,31.3,133,235,8,2,0208EB85
314,31.4,134,235,8,2,0208EB86
315,31.5,135,235,8,2,0208EB87
316,31.6,136,235,8,2,0208EB88
317,31.7,137,235,8,2,0208EB89
318,31.8,138,235,8,2,0208EB8A
319,31.9,139,235,8,2,0208EB8B
320,32.0,140,235,8,2,0208EB8C
321,32.1,141,235,8,2,0208EB8D
322,32.2,142,235,8,2,0208EB8E
323,32.3,143,235,8,2,0208EB8F
324,32.4,144,235,8,2,0208EB90
325,32.5,145,235,8,2,0208EB91
326,32.6,146,235,8,2,0208EB92
327,32.7,147,235,8,2,0208EB93
328,32.8,148,235,8,2,0208EB94
329,32.9,149,235,8,2,0208EB95
330,33.0,150,235,8,2,0208EB96
331,33.1,151,235,8,2,0208EB97
332,33.2,152,235,8,2,0208EB98
333,33.3,153,235,8,2,0208EB99
334,33.4,154,235,8,2,0208EB9A
335,33.5,155,235,8,2,0208EB9B
336,33.6,156,235,8,2,0208EB9C
337,33.7,157,235,8,2,0208EB9D
338,33.8,158,235,8,2,0208EB9E
339,33.9,159,235,8,2,0208EB9F
340,34.0,160,235,8,2,0208EBA0
341,34.1,161,235,8,2,0208EBA1
342,34.2,162,235,8,2,0208EBA2
343,34.3,163,235,8,2,0208EBA3
344,34.4,164,235,8,2,0208EBA4
345,34.5,165,235,8,2,0208EBA5
346,34.6,166,235,8,2,0208EBA6
347,34.7,167,235,8,2,0208EBA7
348,34.8,168,235,8,2,0208EBA8
349,34.9,169,235,8,2,0208EBA9
350,35.0,171,235,8,2,0208EBAB
351,35.1,172,235,8,2,0208EBAC
352,35.2,173,235,8,2,0208EBAD
353,35.3,174,235,8,2,0208EBAE
354,35.4,175,235,8,2,0208EBAF
355,35.5,176,235,8,2,0208EBB0
356,35.6,177,235,8,2,0208EBB1
357,35.7,178,235,8,2,0208EBB2
358,35.8,179,235,8,2,0208EBB3
359,35.9,180,235,8,2,0208EBB4
360,36.0,181,235,8,2,0208EBB5
361,36.1,182,235,8,2,0208EBB6
362,36.2,183,235,8,2,0208EBB7
363,36.3,184,235,8,2,0208EBB8
364,36.4,185,235,8,2,0208EBB9
365,36.5,186,235,8,2,0208EBBA
366,36.6,187,235,8,2,0208EBBB
367,36.7,188,235,8,2,0208EBBC
368,36.8,189,235,8,2,0208EBBD
369,36.9,190,235,8,2,0208EBBE
370,37.0,191,235,8,2,0208EBBF
371,37.1,192,235,8,2,0208EBC0
372,37.2,193,235,8,2,0208EBC1
373,37.3,194,235,8,2,0208EBC2
374,37.4,195,235,8,2,0208EBC3
375,37.5,196,235,8,2,0208EBC4
376,37.6,197,235,8,2,0208EBC5
377,37.7,198,235,8,2,0208EBC6
378,37.8,199,235,8,2,0208EBC7
379,37.9,200,235,8,2,0208EBC8
380,38.0,201,235,8,2,0208EBC9
381,38.1,202,235,8,2,0208EBCA
382,38.2,203,235,8,2,0208EBCB
383,38.3,204,235,8,2,0208EBCC
384,38.4,205,235,8,2,0208EBCD
385,38.5,206,235,8,2,0208EBCE
386,38.6,207,235,8,2,0208EBCF
387,38.7,208,235,8,2,0208EBD0
388,38.8,209,235,8,2,0208EBD1
389,38.9,210,235,8,2,0208EBD2
390,39.0,211,235,8,2,0208EBD3
391,39.1,212,235,8,2,0208EBD4
392,39.2,213,235,8,2,0208EBD5
393,39.3,214,235,8,2,0208EBD6
394,39.4,215,235,8,2,0208EBD7
395,39.5,216,235,8,2,0208EBD8
396,39.6,217,235,8,2,0208EBD9
397,39.7,218,235,8,2,0208EBDA
398,39.8,219,235,8,2,0208EBDB
399,39.9,220,235,8,2,0208EBDC
400,40.0,221,235,8,2,0208EBDD
401,40.1,222,235,8,2,0208EBDE
402,40.2,223,235,8,2,0208EBDF
403,40.3,224,235,8,2,0208EBE0
404,40.4,225,235,8,2,0208EBE1
405,40.5,226,235,8,2,0208EBE2
406,40.6,227,235,8,2,0208EBE3
407,40.7,228,235,8,2,0208EBE4
408,40.8,229,235,8,2,0208EBE5
409,40.9,230,235,8,2,0208EBE6
410,41.0,231,235,8,2,0208EBE7
411,41.1,232,235,8,2,0208EBE8
412,41.2,233,235,8,2,0208EBE9
413,41.3,234,235,8,2,0208EBEA
414,41.4,235,235,8,2,0208EBEB
415,41.5,236,235,8,2,0208EBEC
416,41.6,237,235,8,2,0208EBED
417,41.7,238,235,8,2,0208EBEE
418,41.8,239,235,8,2,0208EBEF
419,41.9,240,235,8,2,0208EBF0
420,42.0,240,15,230,2,02E60FF0
421,42.1,237,15,230,2,02E60FED
422,42.2,234,15,230,2,02E60FEA
423,42.3,231,15,230,2,02E60FE7
424,42.4,229,15,230,2,02E60FE5
425,42.5,226,15,230,2,02E60FE2
426,42.6,223,15,230,2,02E60FDF
427,42.7,220,15,230,2,02E60FDC
428,42.8,217,15,230,2,02E60FD9
429,42.9,214,15,230,2,02E60FD6
430,43.0,211,15,230,2,02E60FD3
431,43.1,209,15,230,2,02E60FD1
432,43.2,206,15,230,2,02E60FCE
433,43.3,203,15,230,2,02E60FCB
434,43.4,200,15,230,2,02E60FC8
435,43.5,197,15,230,2,02E60FC5
436,43.6,194,15,230,2,02E60FC2
437,43.7,191,15,230,2,02E60FBF
438,43.8,189,15,230,2,02E60FBD
439,43.9,186,15,230,2,02E60FBA
440,44.0,183,15,230,2,02E60FB7
441,44.1,180,15,230,2,02E60FB4
442,44.2,177,15,230,2,02E60FB1
443,44.3,174,15,230,2,02E60FAE
444,44.4,171,15,230,2,02E60FAB
445,44.5,169,15,230,2,02E60FA9
446,44.6,166,15,230,2,02E60FA6
447,44.7,163,15,230,2,02E60FA3
448,44.8,160,15,230,2,02E60FA0
449,44.9,157,15,230,2,02E60F9D
450,45.0,154,15,230,2,02E60F9A
451,45.1,151,15,230,2,02E60F97
452,45.2,149,15,230,2,02E60F95
453,45.3,146,15,230,2,02E60F92
454,45.4,143,15,230,2,02E60F8F
455,45.5,140,15,230,2,02E60F8C
456,45.6,137,15,230,2,02E60F89
457,45.7,134,15,230,2,02E60F86
458,45.8,131,15,230,2,02E60F83
459,45.9,129,15,230,2,02E60F81
460,46.0,126,15,230,2,02E60F7E
461,46.1,123,15,230,2,02E60F7B
462,46.2,120,15,230,2,02E60F78
463,46.3,117,15,230,2,02E60F75
464,46.4,114,15,230,2,02E60F72
465,46.5,111,15,230,2,02E60F6F
466,46.6,109,15,230,2,02E60F6D
467,46.7,106,15,230,2,02E60F6A
468,46.8,103,15,230,2,02E60F67
469,46.9,100,15,230,2,02E60F64
470,47.0,100,100,50,2,02326464
471,47.1,100,100,50,2,02326464
472,47.2,100,100,50,2,02326464
473,47.3,101,100,50,2,02326465
474,47.4,101,100,50,2,02326465
475,47.5,101,100,50,2,02326465
476,47.6,101,100,50,2,02326465
477,47.7,101,100,50,2,02326465
478,47.8,101,100,50,2,02326465
479,47.9,102,100,50,2,02326466
480,48.0,102,100,50,2,02326466
481,48.1,102,100,50,2,02326466
482,48.2,102,100,50,2,02326466
483,48.3,102,100,50,2,02326466
484,48.4,102,100,50,2,02326466
485,48.5,103,100,50,2,02326467
486,48.6,103,100,50,2,02326467
487,48.7,103,100,50,2,02326467
488,48.8,103,100,50,2,02326467
489,48.9,103,100,50,2,02326467
490,49.0,103,100,50,2,02326467
491,49.1,104,100,50,2,02326468
492,49.2,104,100,50,2,02326468
493,49.3,104,100,50,2,02326468
494,49.4,104,100,50,2,02326468
495,49.5,104,100,50,2,02326468
496,49.6,104,100,50,2,02326468
497,49.7,105,100,50,2,02326469
498,49.8,105,100,50,2,02326469
499,49.9,105,100,50,2,02326469
500,50.0,105,100,50,2,02326469
501,50.1,105,100,50,2,02326469
502,50.2,105,100,50,2,02326469
503,50.3,106,100,50,2,0232646A
504,50.4,106,100,50,2,0232646A
505,50.5,106,100,50,2,0232646A
506,50.6,106,100,50,2,0232646A
507,50.7,106,100,50,2,0232646A
508,50.8,106,100,50,2,0232646A
509,50.9,107,100,50,2,0232646B
510,51.0,107,100,50,2,0232646B
511,51.1,107,100,50,2,0232646B
512,51.2,107,100,50,2,0232646B
513,51.3,107,100,50,2,0232646B
514,51.4,107,100,50,2,0232646B
515,51.5,108,100,50,2,0232646C
516,51.6,108,100,50,2,0232646C
517,51.7,108,100,50,2,0232646C
518,51.8,108,100,50,2,0232646C
519,51.9,108,100,50,2,0232646C
520,52.0,108,100,50,2,0232646C
521,52.1,109,100,50,2,0232646D
522,52.2,109,100,50,2,0232646D
523,52.3,109,100,50,2,0232646D
524,52.4,109,100,50,2,0232646D
525,52.5,109,100,50,2,0232646D
526,52.6,109,100,50,2,0232646D
527,52.7,110,100,50,2,0232646E
528,52.8,110,100,50,2,0232646E
529,52.9,110,100,50,2,0232646E
530,53.0,110,100,50,2,0232646E
531,53.1,110,100,50,2,0232646E
532,53.2,110,100,50,2,0232646E
533,53.3,111,100,50,2,0232646F
534,53.4,111,100,50,2,0232646F
535,53.5,111,100,50,2,0232646F
536,53.6,111,100,50,2,0232646F
537,53.7,111,100,50,2,0232646F
538,53.8,111,100,50,2,0232646F
539,53.9,112,100,50,2,02326470
540,54.0,112,100,50,2,02326470
541,54.1,112,100,50,2,02326470
542,54.2,112,100,50,2,02326470
543,54.3,112,100,50,2,02326470
544,54.4,112,100,50,2,02326470
545,54.5,113,100,50,2,02326471
546,54.6,113,100,50,2,02326471
547,54.7,113,100,50,2,02326471
548,54.8,113,100,50,2,02326471
549,54.9,113,100,50,2,02326471
550,55.0,113,100,50,2,02326471
551,55.1,114,100,50,2,02326472
552,55.2,114,100,50,2,02326472
553,55.3,114,100,50,2,02326472
554,55.4,114,100,50,2,02326472
555,55.5,114,100,50,2,02326472
556,55.6,114,100,50,2,02326472
557,55.7,115,100,50,2,02326473
558,55.8,115,100,50,2,02326473
559,55.9,115,100,50,2,02326473
560,56.0,115,245,5,3,0305F573
561,56.1,116,245,5,3,0305F574
562,56.2,117,245,5,3,0305F575
563,56.3,118,245,5,3,0305F576
564,56.4,118,245,5,3,0305F576
565,56.5,119,245,5,3,0305F577
566,56.6,120,245,5,3,0305F578
567,56.7,121,245,5,3,0305F579
568,56.8,122,245,5,3,0305F57A
569,56.9,123,245,5,3,0305F57B
570,57.0,123,245,5,3,0305F57B
571,57.1,124,245,5,3,0305F57C
572,57.2,125,245,5,3,0305F57D
573,57.3,126,245,5,3,0305F57E
574,57.4,127,245,5,3,0305F57F
575,57.5,128,245,5,3,0305F580
576,57.6,129,245,5,3,0305F581
577,57.7,129,245,5,3,0305F581
578,57.8,130,245,5,3,0305F582
579,57.9,131,245,5,3,0305F583
580,58.0,132,245,5,3,0305F584
581,58.1,133,245,5,3,0305F585
582,58.2,134,245,5,3,0305F586
583,58.3,135,245,5,3,0305F587
584,58.4,135,245,5,3,0305F587
585,58.5,136,245,5,3,0305F588
586,58.6,137,245,5,3,0305F589
587,58.7,138,245,5,3,0305F58A
588,58.8,139,245,5,3,0305F58B
589,58.9,140,245,5,3,0305F58C
590,59.0,140,245,5,3,0305F58C
591,59.1,141,245,5,3,0305F58D
592,59.2,142,245,5,3,0305F58E
593,59.3,143,245,5,3,0305F58F
594,59.4,144,245,5,3,0305F590
595,59.5,145,245,5,3,0305F591
596,59.6,146,245,5,3,0305F592
597,59.7,146,245,5,3,0305F592
598,59.8,147,245,5,3,0305F593
599,59.9,148,245,5,3,0305F594
600,60.0,149,245,5,3,0305F595
601,60.1,150,245,5,3,0305F596
602,60.2,151,245,5,3,0305F597
603,60.3,152,245,5,3,0305F598
604,60.4,152,245,5,3,0305F598
605,60.5,153,245,5,3,0305F599
606,60.6,154,245,5,3,0305F59A
607,60.7,155,245,5,3,0305F59B
608,60.8,156,245,5,3,0305F59C
609,60.9,157,245,5,3,0305F59D
610,61.0,157,245,5,3,0305F59D
611,61.1,158,245,5,3,0305F59E
612,61.2,159,245,5,3,0305F59F
613,61.3,160,245,5,3,0305F5A0
614,61.4,161,245,5,3,0305F5A1
615,61.5,162,245,5,3,0305F5A2
616,61.6,163,245,5,3,0305F5A3
617,61.7,163,245,5,3,0305F5A3
618,61.8,164,245,5,3,0305F5A4
619,61.9,165,245,5,3,0305F5A5
620,62.0,166,245,5,3,0305F5A6
621,62.1,167,245,5,3,0305F5A7
622,62.2,168,245,5,3,0305F5A8
623,62.3,168,245,5,3,0305F5A8
624,62.4,169,245,5,3,0305F5A9
625,62.5,170,245,5,3,0305F5AA
626,62.6,171,245,5,3,0305F5AB
627,62.7,172,245,5,3,0305F5AC
628,62.8,173,245,5,3,0305F5AD
629,62.9,174,245,5,3,0305F5AE
630,63.0,174,245,5,3,0305F5AE
631,63.1,175,245,5,3,0305F5AF
632,63.2,176,245,5,3,0305F5B0
633,63.3,177,245,5,3,0305F5B1
634,63.4,178,245,5,3,0305F5B2
635,63.5,179,245,5,3,0305F5B3
636,63.6,180,245,5,3,0305F5B4
637,63.7,180,245,5,3,0305F5B4
638,63.8,181,245,5,3,0305F5B5
639,63.9,182,245,5,3,0305F5B6
640,64.0,183,245,5,3,0305F5B7
641,64.1,184,245,5,3,0305F5B8
642,64.2,185,245,5,3,0305F5B9
643,64.3,185,245,5,3,0305F5B9
644,64.4,186,245,5,3,0305F5BA
645,64.5,187,245,5,3,0305F5BB
646,64.6,188,245,5,3,0305F5BC
647,64.7,189,245,5,3,0305F5BD
648,64.8,190,245,5,3,0305F5BE
649,64.9,191,245,5,3,0305F5BF
650,65.0,191,245,5,3,0305F5BF
651,65.1,192,245,5,3,0305F5C0
652,65.2,193,245,5,3,0305F5C1
653,65.3,194,245,5,3,0305F5C2
654,65.4,195,245,5,3,0305F5C3
655,65.5,196,245,5,3,0305F5C4
656,65.6,197,245,5,3,0305F5C5
657,65.7,197,245,5,3,0305F5C5
658,65.8,198,245,5,3,0305F5C6
659,65.9,199,245,5,3,0305F5C7
660,66.0,200,245,5,3,0305F5C8
661,66.1,201,245,5,3,0305F5C9
662,66.2,202,245,5,3,0305F5CA
663,66.3,202,245,5,3,0305F5CA
664,66.4,203,245,5,3,0305F5CB
665,66.5,204,245,5,3,0305F5CC
666,66.6,205,245,5,3,0305F5CD
667,66.7,206,245,5,3,0305F5CE
668,66.8,207,245,5,3,0305F5CF
669,66.9,208,245,5,3,0305F5D0
670,67.0,208,245,5,3,0305F5D0
671,67.1,209,245,5,3,0305F5D1
672,67.2,210,245,5,3,0305F5D2
673,67.3,211,245,5,3,0305F5D3
674,67.4,212,245,5,3,0305F5D4
675,67.5,213,245,5,3,0305F5D5
676,67.6,213,245,5,3,0305F5D5
677,67.7,214,245,5,3,0305F5D6
678,67.8,215,245,5,3,0305F5D7
679,67.9,216,245,5,3,0305F5D8
680,68.0,217,245,5,3,0305F5D9
681,68.1,218,245,5,3,0305F5DA
682,68.2,219,245,5,3,0305F5DB
683,68.3,219,245,5,3,0305F5DB
684,68.4,220,245,5,3,0305F5DC
685,68.5,221,245,5,3,0305F5DD
686,68.6,222,245,5,3,0305F5DE
687,68.7,223,245,5,3,0305F5DF
688,68.8,224,245,5,3,0305F5E0
689,68.9,225,245,5,3,0305F5E1
690,69.0,225,245,5,3,0305F5E1
691,69.1,226,245,5,3,0305F5E2
692,69.2,227,245,5,3,0305F5E3
693,69.3,228,245,5,3,0305F5E4
694,69.4,229,245,5,3,0305F5E5
695,69.5,230,245,5,3,0305F5E6
696,69.6,230,245,5,3,0305F5E6
697,69.7,231,245,5,3,0305F5E7
698,69.8,232,245,5,3,0305F5E8
699,69.9,233,245,5,3,0305F5E9
700,70.0,234,245,5,3,0305F5EA
701,70.1,235,245,5,3,0305F5EB
702,70.2,236,245,5,3,0305F5EC
703,70.3,236,245,5,3,0305F5EC
704,70.4,237,245,5,3,0305F5ED
705,70.5,238,245,5,3,0305F5EE
706,70.6,239,245,5,3,0305F5EF
707,70.7,240,245,5,3,0305F5F0
708,70.8,241,245,5,3,0305F5F1
709,70.9,242,245,5,3,0305F5F2
710,71.0,242,245,5,3,0305F5F2
711,71.1,243,245,5,3,0305F5F3
712,71.2,244,245,5,3,0305F5F4
713,71.3,245,245,5,3,0305F5F5
714,71.4,246,245,5,3,0305F5F6
715,71.5,247,245,5,3,0305F5F7
716,71.6,247,245,5,3,0305F5F7
717,71.7,248,245,5,3,0305F5F8
718,71.8,249,245,5,3,0305F5F9
719,71.9,250,245,5,3,0305F5FA
720,72.0,250,10,240,3,03F00AFA
721,72.1,247,10,240,3,03F00AF7
722,72.2,244,10,240,3,03F00AF4
723,72.3,241,10,240,3,03F00AF1
724,72.4,238,10,240,3,03F00AEE
725,72.5,235,10,240,3,03F00AEB
726,72.6,232,10,240,3,03F00AE8
727,72.7,229,10,240,3,03F00AE5
728,72.8,226,10,240,3,03F00AE2
729,72.9,222,10,240,3,03F00ADE
730,73.0,219,10,240,3,03F00ADB
731,73.1,216,10,240,3,03F00AD8
732,73.2,213,10,240,3,03F00AD5
733,73.3,210,10,240,3,03F00AD2
734,73.4,207,10,240,3,03F00ACF
735,73.5,204,10,240,3,03F00ACC
736,73.6,201,10,240,3,03F00AC9
737,73.7,198,10,240,3,03F00AC6
738,73.8,195,10,240,3,03F00AC3
739,73.9,192,10,240,3,03F00AC0
740,74.0,189,10,240,3,03F00ABD
741,74.1,186,10,240,3,03F00ABA
742,74.2,183,10,240,3,03F00AB7
743,74.3,180,10,240,3,03F00AB4
744,74.4,177,10,240,3,03F00AB1
745,74.5,173,10,240,3,03F00AAD
746,74.6,170,10,240,3,03F00AAA
747,74.7,167,10,240,3,03F00AA7
748,74.8,164,10,240,3,03F00AA4
749,74.9,161,10,240,3,03F00AA1
750,75.0,158,10,240,3,03F00A9E
751,75.1,155,10,240,3,03F00A9B
752,75.2,152,10,240,3,03F00A98
753,75.3,149,10,240,3,03F00A95
754,75.4,146,10,240,3,03F00A92
755,75.5,143,10,240,3,03F00A8F
756,75.6,140,10,240,3,03F00A8C
757,75.7,137,10,240,3,03F00A89
758,75.8,134,10,240,3,03F00A86
759,75.9,131,10,240,3,03F00A83
760,76.0,128,10,240,3,03F00A80
761,76.1,124,10,240,3,03F00A7C
762,76.2,121,10,240,3,03F00A79
763,76.3,118,10,240,3,03F00A76
764,76.4,115,10,240,3,03F00A73
765,76.5,112,10,240,3,03F00A70
766,76.6,109,10,240,3,03F00A6D
767,76.7,106,10,240,3,03F00A6A
768,76.8,103,10,240,3,03F00A67
769,76.9,100,10,240,3,03F00A64
770,77.0,100,85,55,4,04375564
771,77.1,100,85,55,4,04375564
772,77.2,99,85,55,4,04375563
773,77.3,99,85,55,4,04375563
774,77.4,99,85,55,4,04375563
775,77.5,99,85,55,4,04375563
776,77.6,98,85,55,4,04375562
777,77.7,98,85,55,4,04375562
778,77.8,98,85,55,4,04375562
779,77.9,98,85,55,4,04375562
780,78.0,97,85,55,4,04375561
781,78.1,97,85,55,4,04375561
782,78.2,97,85,55,4,04375561
783,78.3,97,85,55,4,04375561
784,78.4,96,85,55,4,04375560
785,78.5,96,85,55,4,04375560
786,78.6,96,85,55,4,04375560
787,78.7,96,85,55,4,04375560
788,78.8,95,85,55,4,0437555F
789,78.9,95,85,55,4,0437555F
790,79.0,95,85,55,4,0437555F
791,79.1,95,85,55,4,0437555F
792,79.2,94,85,55,4,0437555E
793,79.3,94,85,55,4,0437555E
794,79.4,94,85,55,4,0437555E
795,79.5,94,85,55,4,0437555E
796,79.6,93,85,55,4,0437555D
797,79.7,93,85,55,4,0437555D
798,79.8,93,85,55,4,0437555D
799,79.9,93,85,55,4,0437555D
800,80.0,92,85,55,4,0437555C
801,80.1,92,85,55,4,0437555C
802,80.2,92,85,55,4,0437555C
803,80.3,92,85,55,4,0437555C
804,80.4,91,85,55,4,0437555B
805,80.5,91,85,55,4,0437555B
806,80.6,91,85,55,4,0437555B
807,80.7,91,85,55,4,0437555B
808,80.8,90,85,55,4,0437555A
809,80.9,90,85,55,4,0437555A
810,81.0,90,85,55,4,0437555A
811,81.1,90,85,55,4,0437555A
812,81.2,89,85,55,4,04375559
813,81.3,89,85,55,4,04375559
814,81.4,89,85,55,4,04375559
815,81.5,89,85,55,4,04375559
816,81.6,88,85,55,4,04375558
817,81.7,88,85,55,4,04375558
818,81.8,88,85,55,4,04375558
819,81.9,88,85,55,4,04375558
820,82.0,87,85,55,4,04375557
821,82.1,87,85,55,4,04375557
822,82.2,87,85,55,4,04375557
823,82.3,87,85,55,4,04375557
824,82.4,86,85,55,4,04375556
825,82.5,86,85,55,4,04375556
826,82.6,86,85,55,4,04375556
827,82.7,86,85,55,4,04375556
828,82.8,85,85,55,4,04375555
829,82.9,85,85,55,4,04375555
830,83.0,85,85,55,4,04375555
831,83.1,85,85,55,4,04375555
832,83.2,84,85,55,4,04375554
833,83.3,84,85,55,4,04375554
834,83.4,84,85,55,4,04375554
835,83.5,84,85,55,4,04375554
836,83.6,83,85,55,4,04375553
837,83.7,83,85,55,4,04375553
838,83.8,83,85,55,4,04375553
839,83.9,83,85,55,4,04375553
840,84.0,82,85,55,4,04375552
841,84.1,82,85,55,4,04375552
842,84.2,82,85,55,4,04375552
843,84.3,82,85,55,4,04375552
844,84.4,81,85,55,4,04375551
845,84.5,81,85,55,4,04375551
846,84.6,81,85,55,4,04375551
847,84.7,81,85,55,4,04375551
848,84.8,80,85,55,4,04375550
849,84.9,80,85,55,4,04375550
850,85.0,80,200,10,4,040AC850
851,85.1,81,200,10,4,040AC851
852,85.2,83,200,10,4,040AC853
853,85.3,84,200,10,4,040AC854
854,85.4,86,200,10,4,040AC856
855,85.5,87,200,10,4,040AC857
856,85.6,89,200,10,4,040AC859
857,85.7,90,200,10,4,040AC85A
858,85.8,91,200,10,4,040AC85B
859,85.9,93,200,10,4,040AC85D
860,86.0,94,200,10,4,040AC85E
861,86.1,96,200,10,4,040AC860
862,86.2,97,200,10,4,040AC861
863,86.3,99,200,10,4,040AC863
864,86.4,100,200,10,4,040AC864
865,86.5,101,200,10,4,040AC865
866,86.6,103,200,10,4,040AC867
867,86.7,104,200,10,4,040AC868
868,86.8,106,200,10,4,040AC86A
869,86.9,107,200,10,4,040AC86B
870,87.0,109,200,10,4,040AC86D
871,87.1,110,200,10,4,040AC86E
872,87.2,111,200,10,4,040AC86F
873,87.3,113,200,10,4,040AC871
874,87.4,114,200,10,4,040AC872
875,87.5,116,200,10,4,040AC874
876,87.6,117,200,10,4,040AC875
877,87.7,119,200,10,4,040AC877
878,87.8,120,200,10,4,040AC878
879,87.9,121,200,10,4,040AC879
880,88.0,123,200,10,4,040AC87B
881,88.1,124,200,10,4,040AC87C
882,88.2,126,200,10,4,040AC87E
883,88.3,127,200,10,4,040AC87F
884,88.4,129,200,10,4,040AC881
885,88.5,130,200,10,4,040AC882
886,88.6,131,200,10,4,040AC883
887,88.7,133,200,10,4,040AC885
888,88.8,134,200,10,4,040AC886
889,88.9,136,200,10,4,040AC888
890,89.0,137,200,10,4,040AC889
891,89.1,139,200,10,4,040AC88B
892,89.2,140,200,10,4,040AC88C
893,89.3,141,200,10,4,040AC88D
894,89.4,143,200,10,4,040AC88F
895,89.5,144,200,10,4,040AC890
896,89.6,146,200,10,4,040AC892
897,89.7,147,200,10,4,040AC893
898,89.8,149,200,10,4,040AC895
899,89.9,150,200,10,4,040AC896
